Tick,Coal_Carbon,Gas_Carbon,Nuclear_Carbon,Wind_Carbon,Coal_Electricity,Gas_Electricity,Nuclear_Electricity,Wind_Electricity
1,6.9764792E7,8.1097584E7,4636234.5,366399.53,1354.8474,3335.6536,2554.568,1204.0826
2,6.9764792E7,8.1097584E7,4636234.5,366399.53,1354.8474,3335.6536,2554.568,1204.0826
3,6.6001012E7,8.1097584E7,4636234.5,372819.38,1285.1654,3335.6536,2554.568,1229.0388
4,6.6001012E7,8.1097584E7,4589670.5,372819.38,1285.1654,3335.6536,2541.6162,1229.0388
5,6.222244E7,8.1097584E7,4908432.5,372819.38,1216.876,3335.6536,2700.823,1229.0388
6,6.5777576E7,8.1097584E7,4908432.5,372819.38,1283.5653,3335.6536,2700.823,1229.0388
7,6.5777576E7,8.1097584E7,4908432.5,372819.38,1283.5653,3335.6536,2700.823,1229.0388
8,6.5777576E7,8.1097584E7,4908432.5,372819.38,1283.5653,3335.6536,2700.823,1229.0388
9,6.5777576E7,8.1097584E7,4908432.5,372819.38,1283.5653,3335.6536,2700.823,1229.0388
10,6.5777576E7,8.1097584E7,4908432.5,372819.38,1283.5653,3335.6536,2700.823,1229.0388
11,6.5777576E7,8.1097584E7,4908432.5,378687.1,1283.5653,3335.6536,2700.823,1251.3505
12,7.3319928E7,8.1097584E7,4908432.5,371126.72,1421.5369,3335.6536,2700.823,1226.8536
13,6.954136E7,8.1097584E7,4908432.5,378385.66,1353.2473,3335.6536,2700.823,1251.7596
14,7.3319928E7,8.1097584E7,4908432.5,378385.66,1421.5369,3335.6536,2700.823,1251.7596
15,7.0104816E7,8.1097584E7,4908432.5,386261.62,1358.6879,3335.6536,2700.823,1277.9725
16,7.3319928E7,8.1097584E7,4908432.5,393771.5,1421.5369,3335.6536,2700.823,1303.5057
17,7.3319928E7,8.1097584E7,4908432.5,393771.5,1421.5369,3335.6536,2700.823,1303.5057
18,7.3319928E7,8.1097584E7,4908432.5,393771.5,1421.5369,3335.6536,2700.823,1303.5057
19,7.3319928E7,8.1097584E7,4908432.5,393771.5,1421.5369,3335.6536,2700.823,1303.5057
20,7.3319928E7,8.1097584E7,4908432.5,393771.5,1421.5369,3335.6536,2700.823,1303.5057
21,7.3319928E7,8.1097584E7,4908432.5,393771.5,1421.5369,3335.6536,2700.823,1303.5057
22,7.004568E7,8.2478976E7,4908432.5,393771.5,1357.2823,3388.4114,2700.823,1303.5057
23,7.3319928E7,8.2478976E7,4908432.5,386299.1,1421.5369,3388.4114,2700.823,1278.9247
24,7.0074784E7,8.2478976E7,4908432.5,392219.97,1357.0327,3388.4114,2700.823,1302.2963
25,7.3319928E7,8.2478976E7,4908432.5,392219.97,1421.5369,3388.4114,2700.823,1302.2963
26,7.3319928E7,8.371688E7,4908432.5,392219.97,1421.5369,3438.3574,2700.823,1302.2963
27,7.3319928E7,8.371688E7,4908432.5,392219.97,1421.5369,3438.3574,2700.823,1302.2963
28,7.3319928E7,8.371688E7,4908432.5,392219.97,1421.5369,3438.3574,2700.823,1302.2963
29,7.3319928E7,8.371688E7,4908432.5,392219.97,1421.5369,3438.3574,2700.823,1302.2963
30,7.3319928E7,8.371688E7,4908432.5,392219.97,1421.5369,3438.3574,2700.823,1302.2963
31,7.3319928E7,8.371688E7,4908432.5,392219.97,1421.5369,3438.3574,2700.823,1302.2963
32,7.689744E7,8.371688E7,4908432.5,399692.4,1485.6755,3438.3574,2700.823,1326.8773
33,7.689744E7,8.371688E7,4908432.5,399692.4,1485.6755,3438.3574,2700.823,1326.8773
34,7.689744E7,8.371688E7,4908432.5,407303.4,1485.6755,3438.3574,2700.823,1351.8142
35,7.3652296E7,8.4894624E7,4908432.5,407303.4,1421.1714,3487.663,2700.823,1351.8142
36,6.688204E7,8.4894624E7,4908432.5,407303.4,1291.633,3487.663,2700.823,1351.8142
37,6.688204E7,8.4894624E7,4908432.5,407303.4,1291.633,3487.663,2700.823,1351.8142
38,6.688204E7,8.4894624E7,4908432.5,407303.4,1291.633,3487.663,2700.823,1351.8142
39,6.688204E7,8.4894624E7,4908432.5,407303.4,1291.633,3487.663,2700.823,1351.8142
40,6.688204E7,8.6072288E7,4908432.5,407303.4,1291.633,3537.0488,2700.823,1351.8142
41,6.688204E7,8.6072288E7,4908432.5,407303.4,1291.633,3537.0488,2700.823,1351.8142
42,7.009716E7,8.6072288E7,4908432.5,407303.4,1354.482,3537.0488,2700.823,1351.8142
43,7.009716E7,8.6072288E7,4908432.5,407303.4,1354.482,3537.0488,2700.823,1351.8142
44,6.2715716E7,8.6072288E7,5194857.5,407303.4,1220.9437,3537.0488,2855.078,1351.8142
45,6.0161996E7,8.6072288E7,5194857.5,415132.94,1163.4095,3537.0488,2855.078,1377.2773
46,6.0161996E7,8.6072288E7,5194857.5,423405.47,1163.4095,3537.0488,2855.078,1402.4902
47,5.95006E7,8.6072288E7,5194857.5,423405.47,1158.0947,3537.0488,2855.078,1402.4902
48,5.95006E7,8.6072288E7,5194857.5,423405.47,1158.0947,3537.0488,2855.078,1402.4902
49,6.3848264E7,8.6072288E7,5194857.5,423405.47,1227.783,3537.0488,2855.078,1402.4902
50,6.3848264E7,8.6072288E7,5194857.5,423405.47,1227.783,3537.0488,2855.078,1402.4902
51,6.3848264E7,8.6072288E7,5194857.5,423405.47,1227.783,3537.0488,2855.078,1402.4902
52,6.0892404E7,8.6072288E7,5438925.5,423405.47,1165.5701,3537.0488,3002.7942,1402.4902
53,5.7950936E7,8.6072288E7,5438925.5,423405.47,1105.636,3537.0488,3002.7942,1402.4902
54,5.7950936E7,8.6072288E7,5438925.5,430701.4,1105.636,3537.0488,3002.7942,1427.9454
55,5.7950936E7,8.6072288E7,5438925.5,430701.4,1105.636,3537.0488,3002.7942,1427.9454
56,5.7950936E7,8.6072288E7,5438925.5,430701.4,1105.636,3537.0488,3002.7942,1427.9454
57,5.7646572E7,8.6072288E7,5438925.5,439013.1,1101.0214,3537.0488,3002.7942,1454.3583
58,5.6559132E7,8.6072288E7,5438925.5,446517.16,1098.1606,3537.0488,3002.7942,1478.9042
59,6.0906796E7,8.6072288E7,5438925.5,446517.16,1167.8488,3537.0488,3002.7942,1478.9042
60,6.0906796E7,8.6072288E7,5438925.5,446517.16,1167.8488,3537.0488,3002.7942,1478.9042
61,6.0906796E7,8.6072288E7,5438925.5,446517.16,1167.8488,3537.0488,3002.7942,1478.9042
62,6.0906796E7,8.725144E7,5185093.5,446517.16,1167.8488,3585.4182,2858.7263,1478.9042
63,6.0906796E7,8.725144E7,5438925.5,455051.03,1167.8488,3585.4182,3002.7942,1506.1018
64,6.0906796E7,8.725144E7,5438925.5,455051.03,1167.8488,3585.4182,3002.7942,1506.1018
65,6.0906796E7,8.725144E7,5438925.5,455051.03,1167.8488,3585.4182,3002.7942,1506.1018
66,4.9839488E7,8.725144E7,5438925.5,463198.78,966.2658,3585.4182,3002.7942,1532.5342
67,5.3603272E7,8.725144E7,5438925.5,463198.78,1035.9478,3585.4182,3002.7942,1532.5342
68,5.3603272E7,8.725144E7,5438925.5,463198.78,1035.9478,3585.4182,3002.7942,1532.5342
69,5.3603272E7,8.725144E7,5438925.5,463198.78,1035.9478,3585.4182,3002.7942,1532.5342
70,5.3603272E7,8.725144E7,5438925.5,463198.78,1035.9478,3585.4182,3002.7942,1532.5342
71,5.3603272E7,8.725144E7,5438925.5,463198.78,1035.9478,3585.4182,3002.7942,1532.5342
72,5.7950936E7,8.725144E7,5438925.5,463198.78,1105.636,3585.4182,3002.7942,1532.5342
73,5.7950936E7,8.725144E7,5438925.5,463198.78,1105.636,3585.4182,3002.7942,1532.5342
74,5.4187156E7,8.725144E7,5438925.5,470537.06,1035.954,3585.4182,3002.7942,1558.0756
75,5.4187156E7,8.725144E7,5438925.5,470537.06,1035.954,3585.4182,3002.7942,1558.0756
76,5.4187156E7,8.8575792E7,5438925.5,480239.78,1035.954,3637.5977,3002.7942,1585.4259
77,5.4187156E7,8.8575792E7,5438925.5,487456.12,1035.954,3637.5977,3002.7942,1610.4127
78,5.4187156E7,8.8575792E7,5438925.5,487456.12,1035.954,3637.5977,3002.7942,1610.4127
79,5.4187156E7,8.8575792E7,5438925.5,494067.03,1035.954,3637.5977,3002.7942,1633.7817
80,5.4187156E7,8.8575792E7,5438925.5,501802.0,1035.954,3637.5977,3002.7942,1658.144
81,5.0912904E7,8.8575792E7,5438925.5,508856.38,971.6995,3637.5977,3002.7942,1682.7933
82,5.4187156E7,8.8575792E7,5438925.5,508856.38,1035.954,3637.5977,3002.7942,1682.7933
83,5.4187156E7,8.8575792E7,5438925.5,508856.38,1035.954,3637.5977,3002.7942,1682.7933
84,5.4187156E7,8.8575792E7,5438925.5,508856.38,1035.954,3637.5977,3002.7942,1682.7933
85,5.4187156E7,8.8575792E7,5438925.5,508856.38,1035.954,3637.5977,3002.7942,1682.7933
86,5.4187156E7,8.8575792E7,5438925.5,508856.38,1035.954,3637.5977,3002.7942,1682.7933
87,4.9839488E7,8.8575792E7,5438925.5,515539.62,966.2658,3637.5977,3002.7942,1706.7144
88,4.9839488E7,8.8575792E7,5438925.5,515539.62,966.2658,3637.5977,3002.7942,1706.7144
89,4.9839488E7,8.8575792E7,5438925.5,515539.62,966.2658,3637.5977,3002.7942,1706.7144
90,4.3112208E7,8.8575792E7,5673432.5,515539.62,837.30084,3637.5977,3146.1646,1706.7144
91,4.6565236E7,8.8575792E7,5673432.5,515539.62,902.0113,3637.5977,3146.1646,1706.7144
92,4.6565236E7,8.8575792E7,5673432.5,515539.62,902.0113,3637.5977,3146.1646,1706.7144
93,4.6565236E7,8.8575792E7,5673432.5,515539.62,902.0113,3637.5977,3146.1646,1706.7144
94,4.6565236E7,8.8575792E7,5673432.5,515539.62,902.0113,3637.5977,3146.1646,1706.7144
95,4.3334548E7,8.8575792E7,5673432.5,515539.62,838.36176,3637.5977,3146.1646,1706.7144
96,3.9811124E7,8.725144E7,5673432.5,515539.62,770.5924,3585.4182,3146.1646,1706.7144
97,3.6112216E7,8.725144E7,5673432.5,515539.62,700.89246,3585.4182,3146.1646,1706.7144
98,3.6112216E7,8.561236E7,5673432.5,515539.62,700.89246,3529.6162,3146.1646,1706.7144
99,3.6112216E7,8.561236E7,5673432.5,515539.62,700.89246,3529.6162,3146.1646,1706.7144
100,4.705902E7,8.561236E7,5673432.5,515539.62,904.1204,3529.6162,3146.1646,1706.7144
101,4.705902E7,8.561236E7,5673432.5,515539.62,904.1204,3529.6162,3146.1646,1706.7144
102,4.705902E7,8.561236E7,5673432.5,515539.62,904.1204,3529.6162,3146.1646,1706.7144
103,4.705902E7,8.561236E7,5673432.5,515539.62,904.1204,3529.6162,3146.1646,1706.7144
104,4.705902E7,8.561236E7,5673432.5,524926.5,904.1204,3529.6162,3146.1646,1734.0233
105,4.705902E7,8.6936712E7,5673432.5,524926.5,904.1204,3581.7957,3146.1646,1734.0233
106,4.705902E7,8.6936712E7,5673432.5,531523.7,904.1204,3581.7957,3146.1646,1757.4025
107,4.705902E7,8.6936712E7,5673432.5,531523.7,904.1204,3581.7957,3146.1646,1757.4025
108,4.705902E7,8.6936712E7,5673432.5,531523.7,904.1204,3581.7957,3146.1646,1757.4025
109,4.705902E7,8.6936712E7,5673432.5,531523.7,904.1204,3581.7957,3146.1646,1757.4025
110,4.705902E7,8.4193488E7,5673432.5,531523.7,904.1204,3478.3718,3146.1646,1757.4025
111,4.705902E7,8.1446208E7,5673432.5,531523.7,904.1204,3373.9294,3146.1646,1757.4025
112,4.705902E7,8.0184192E7,5673432.5,531523.7,904.1204,3325.2354,3146.1646,1757.4025
113,4.705902E7,7.88028E7,5933498.5,540052.44,904.1204,3272.4775,3293.2112,1783.9933
114,4.705902E7,7.751512E7,5933498.5,540052.44,904.1204,3222.6523,3293.2112,1783.9933
115,4.705902E7,7.751512E7,5933498.5,540052.44,904.1204,3222.6523,3293.2112,1783.9933
116,4.705902E7,7.751512E7,5933498.5,540052.44,904.1204,3222.6523,3293.2112,1783.9933
117,4.705902E7,7.4773696E7,5933498.5,540052.44,904.1204,3118.7844,3293.2112,1783.9933
118,4.705902E7,7.3509208E7,5933498.5,540052.44,904.1204,3067.6406,3293.2112,1783.9933
119,4.705902E7,7.2271312E7,5933498.5,547541.7,904.1204,3017.6943,3293.2112,1808.6273
120,4.705902E7,7.2271312E7,5933498.5,547541.7,904.1204,3017.6943,3293.2112,1808.6273
121,4.705902E7,7.256856E7,5933498.5,547541.7,904.1204,3023.0813,3293.2112,1808.6273
122,4.705902E7,7.27896E7,5933498.5,547541.7,904.1204,3028.558,3293.2112,1808.6273
123,4.705902E7,7.27896E7,5933498.5,547541.7,904.1204,3028.558,3293.2112,1808.6273
124,4.705902E7,7.27896E7,5933498.5,547541.7,904.1204,3028.558,3293.2112,1808.6273
125,5.0962308E7,7.1551704E7,5933498.5,547541.7,976.17474,2978.612,3293.2112,1808.6273
126,5.0962308E7,7.0333216E7,5933498.5,547541.7,976.17474,2926.6973,3293.2112,1808.6273
127,5.0962308E7,6.8856816E7,5933498.5,556568.3,976.17474,2872.9412,3293.2112,1835.7799
128,5.0962308E7,6.9155536E7,5933498.5,556568.3,976.17474,2877.3118,3293.2112,1835.7799
129,5.0962308E7,6.911656E7,5933498.5,564499.9,976.17474,2878.4104,3293.2112,1860.4915
130,5.0962308E7,6.92556E7,5933498.5,564499.9,976.17474,2880.3987,3293.2112,1860.4915
131,4.7237836E7,7.062396E7,5933498.5,564499.9,910.4162,2931.6636,3293.2112,1860.4915
132,5.0962308E7,6.9468336E7,5933498.5,564499.9,976.17474,2883.6155,3293.2112,1860.4915
133,4.705902E7,6.820792E7,5933498.5,570981.4,904.1204,2832.3347,3293.2112,1883.8326
134,5.0962308E7,6.820792E7,5933498.5,570981.4,976.17474,2832.3347,3293.2112,1883.8326
135,5.0962308E7,6.820792E7,5933498.5,570981.4,976.17474,2832.3347,3293.2112,1883.8326
136,5.0962308E7,6.820792E7,5933498.5,579571.44,976.17474,2832.3347,3293.2112,1909.3424
137,5.0962308E7,6.820792E7,5933498.5,579571.44,976.17474,2832.3347,3293.2112,1909.3424
138,5.0962308E7,6.820792E7,5933498.5,579571.5,976.17474,2832.3347,3293.2112,1909.3424
139,5.0962308E7,6.8196208E7,5933498.5,579571.44,976.17474,2833.7668,3293.2112,1909.3424
140,5.0962308E7,6.8338184E7,5933498.5,579571.44,976.17474,2836.22,3293.2112,1909.3424
141,5.0962308E7,6.8190384E7,5933498.5,579571.5,976.17474,2833.856,3293.2112,1909.3424
142,5.0962308E7,6.9571784E7,5933498.5,579571.5,976.17474,2886.6135,3293.2112,1909.3424
143,5.0962308E7,6.8385224E7,5933498.5,579571.44,976.17474,2835.8362,3293.2112,1909.3424
144,5.0962308E7,6.8385224E7,5933498.5,579571.44,976.17474,2835.8362,3293.2112,1909.3424
145,5.0962308E7,6.8385224E7,5933498.5,586830.25,976.17474,2835.8362,3293.2112,1933.5973
146,5.0962308E7,6.8385224E7,5933498.5,586830.2,976.17474,2835.8362,3293.2112,1933.5973
147,5.0962308E7,6.8166512E7,5933498.5,586830.2,976.17474,2833.2832,3293.2112,1933.5973
148,5.0962308E7,6.8491368E7,5933498.5,594631.5,976.17474,2840.2756,3293.2112,1959.4257
149,5.0962308E7,6.964292E7,5933498.5,594631.5,976.17474,2887.0396,3293.2112,1959.4257
150,5.0962308E7,6.7234728E7,5933498.5,594631.5,976.17474,2785.7883,3293.2112,1959.4257
151,4.72634E7,6.8277536E7,5933498.5,594631.5,906.4749,2833.0308,3293.2112,1959.4257
152,5.0962308E7,6.8379688E7,5933498.5,594631.5,976.17474,2839.1858,3293.2112,1959.4257
153,4.72634E7,6.8379688E7,5933498.5,601828.75,906.4749,2839.1858,3293.2112,1984.1144
154,5.0962308E7,6.6190064E7,5933498.5,609545.0,976.17474,2736.4473,3293.2112,2009.3749
155,5.0962308E7,6.7255872E7,5933498.5,609545.0,976.17474,2786.538,3293.2112,2009.3749
156,5.0962308E7,6.577948E7,5933498.5,617772.3,976.17474,2732.7817,3293.2112,2035.0264
157,4.72634E7,6.72402E7,5933498.5,617772.3,906.4749,2787.1765,3293.2112,2035.0264
158,5.0962308E7,6.72402E7,5933498.5,624929.7,976.17474,2787.1765,3293.2112,2059.1177
159,5.0962308E7,6.72402E7,5933498.5,624929.7,976.17474,2787.1765,3293.2112,2059.1177
160,5.0962308E7,6.72402E7,5933498.5,624929.7,976.17474,2787.1765,3293.2112,2059.1177
161,5.0962308E7,6.72402E7,5933498.5,624929.7,976.17474,2787.1765,3293.2112,2059.1177
162,5.0962308E7,6.72402E7,5933498.5,624929.7,976.17474,2787.1765,3293.2112,2059.1177
163,5.0962308E7,6.72402E7,5933498.5,624929.7,976.17474,2787.1765,3293.2112,2059.1177
164,5.3826248E7,6.72402E7,5933498.5,624929.7,1037.7374,2787.1765,3293.2112,2059.1177
165,5.0127336E7,6.6211404E7,5933498.5,631816.75,968.03754,2740.4177,3293.2112,2083.2673
166,5.3826248E7,6.6211404E7,5933498.5,631816.75,1037.7374,2740.4177,3293.2112,2083.2673
167,5.3826248E7,6.6211404E7,5933498.5,631816.75,1037.7374,2740.4177,3293.2112,2083.2673
168,5.3826248E7,6.6211404E7,5933498.5,631816.75,1037.7374,2740.4177,3293.2112,2083.2673
169,5.6780088E7,6.6211404E7,5933498.5,631816.75,1100.1626,2740.4177,3293.2112,2083.2673
170,5.6780088E7,6.6211404E7,5933498.5,631816.75,1100.1626,2740.4177,3293.2112,2083.2673
171,5.3826248E7,6.6211404E7,5933498.5,638503.0,1037.7374,2740.4177,3293.2112,2106.6086
172,5.6780088E7,6.6211404E7,5933498.5,638503.0,1100.1626,2740.4177,3293.2112,2106.6086
173,5.3826248E7,6.7472408E7,5933498.5,638503.0,1037.7374,2790.0798,3293.2112,2106.6086
174,5.6780088E7,6.7472408E7,5933498.5,643942.1,1100.1626,2790.0798,3293.2112,2127.689
175,5.6780088E7,6.6406604E7,5933498.5,651373.9,1100.1626,2739.9893,3293.2112,2152.828
176,5.6497044E7,6.7472408E7,5933498.5,651373.9,1095.3586,2790.0798,3293.2112,2152.828
177,5.7332016E7,6.7472408E7,5933498.5,651373.9,1103.4958,2790.0798,3293.2112,2152.828
178,5.7332016E7,6.7472408E7,5933498.5,651373.9,1103.4958,2790.0798,3293.2112,2152.828
179,5.4378176E7,6.3862088E7,6232827.5,651373.9,1041.0707,2638.4714,3448.5632,2152.828
180,4.4318028E7,6.2381348E7,6507960.5,651373.9,844.8078,2582.4226,3597.8933,2152.828
181,4.6775976E7,6.2330328E7,6507960.5,651373.9,899.31647,2581.5605,3597.8933,2152.828
182,4.6775976E7,5.9919524E7,6507960.5,658537.7,899.31647,2482.2974,3597.8933,2177.5793
183,4.3360112E7,6.5068076E7,6507960.5,658537.7,834.4205,2689.8337,3597.8933,2177.5793
184,4.6775976E7,6.3983452E7,6507960.5,658537.7,899.31647,2640.6128,3597.8933,2177.5793
185,4.6775976E7,6.3983452E7,6507960.5,658537.7,899.31647,2640.6128,3597.8933,2177.5793
186,4.6775976E7,6.3983452E7,6507960.5,658537.7,899.31647,2640.6128,3597.8933,2177.5793
187,4.6775976E7,6.2722444E7,6507960.5,658537.7,899.31647,2590.9507,3597.8933,2177.5793
188,4.6775976E7,6.2722444E7,6507960.5,658537.7,899.31647,2590.9507,3597.8933,2177.5793
189,4.6775976E7,6.2722444E7,6507960.5,664823.1,899.31647,2590.9507,3597.8933,2200.8645
190,4.6775976E7,6.2722444E7,6507960.5,672185.0,899.31647,2590.9507,3597.8933,2224.6902
191,4.6775976E7,6.2722444E7,6507960.5,678993.6,899.31647,2590.9507,3597.8933,2248.6626
192,4.6775976E7,6.2722444E7,6507960.5,678993.6,899.31647,2590.9507,3597.8933,2248.6626
193,4.6775976E7,6.2722444E7,6507960.5,686128.06,899.31647,2590.9507,3597.8933,2272.8167
194,4.6775976E7,6.2722444E7,6507960.5,686128.06,899.31647,2590.9507,3597.8933,2272.8167
195,4.3259656E7,6.4017648E7,6507960.5,686128.06,832.714,2640.685,3597.8933,2272.8167
196,4.6775976E7,6.4017648E7,6507960.5,686128.06,899.31647,2640.685,3597.8933,2272.8167
197,4.6775976E7,6.2791644E7,6507960.5,686128.06,899.31647,2590.6987,3597.8933,2272.8167
198,4.3259656E7,6.2791644E7,6507960.5,692806.9,832.714,2590.6987,3597.8933,2296.3943
199,4.6775976E7,6.2791644E7,6507960.5,692806.9,899.31647,2590.6987,3597.8933,2296.3943
200,4.6775976E7,6.2791644E7,6507960.5,692806.9,899.31647,2590.6987,3597.8933,2296.3943
201,4.6775976E7,6.2791644E7,6507960.5,692806.9,899.31647,2590.6987,3597.8933,2296.3943
202,4.6775976E7,6.2791644E7,6507960.5,692806.9,899.31647,2590.6987,3597.8933,2296.3943
203,4.6775976E7,6.2791644E7,6507960.5,692806.9,899.31647,2590.6987,3597.8933,2296.3943
204,4.6775976E7,6.4117008E7,6507960.5,692806.9,899.31647,2642.2773,3597.8933,2296.3943
205,4.6775976E7,6.3877128E7,6507960.5,692806.9,899.31647,2639.0637,3597.8933,2296.3943
206,4.6775976E7,6.3785356E7,6507960.5,692806.9,899.31647,2637.8787,3597.8933,2296.3943
207,5.0685192E7,6.2531656E7,6507960.5,692806.9,971.50275,2584.9597,3597.8933,2296.3943
208,5.0685192E7,6.2531656E7,6507960.5,692806.9,971.50275,2584.9597,3597.8933,2296.3943
209,5.479444E7,6.2422372E7,6507960.5,692806.9,1041.7047,2582.6445,3597.8933,2296.3943
210,5.479444E7,6.3655968E7,6507960.5,692806.9,1041.7047,2633.0383,3597.8933,2296.3943
211,5.479444E7,6.3655968E7,6507960.5,692806.9,1041.7047,2633.0383,3597.8933,2296.3943
212,5.479444E7,6.3655968E7,6507960.5,692806.9,1041.7047,2633.0383,3597.8933,2296.3943
213,5.479444E7,6.3655968E7,6507960.5,692806.9,1041.7047,2633.0383,3597.8933,2296.3943
214,5.479444E7,6.3655968E7,6507960.5,692806.9,1041.7047,2633.0383,3597.8933,2296.3943
215,5.479444E7,6.3655968E7,6507960.5,692806.9,1041.7047,2633.0383,3597.8933,2296.3943
216,5.479444E7,6.3655968E7,6507960.5,692806.9,1041.7047,2633.0383,3597.8933,2296.3943
217,5.479444E7,6.2503572E7,6507960.5,692806.9,1041.7047,2583.8025,3597.8933,2296.3943
218,5.479444E7,6.2503572E7,6507960.5,692806.9,1041.7047,2583.8025,3597.8933,2296.3943
219,5.479444E7,6.2503572E7,6507960.5,700984.44,1041.7047,2583.8025,3597.8933,2322.501
220,5.479444E7,6.2503572E7,6507960.5,700984.44,1041.7047,2583.8025,3597.8933,2322.501
221,5.479444E7,6.0202992E7,6794676.5,700984.44,1041.7047,2483.239,3749.5525,2322.501
222,5.479444E7,6.0051488E7,6794676.5,700984.44,1041.7047,2481.4941,3749.5525,2322.501
223,5.4552916E7,6.0051488E7,6794676.5,700984.44,1041.1302,2481.4941,3749.5525,2322.501
224,5.0544124E7,6.1384168E7,6794676.5,700984.44,972.6348,2533.9775,3749.5525,2322.501
225,5.1137048E7,5.8711572E7,6794676.5,700984.44,976.2344,2429.1719,3749.5525,2322.501
226,5.8069236E7,5.8825684E7,6794676.5,700984.44,1107.7327,2431.5728,3749.5525,2322.501
227,5.8069236E7,6.0059272E7,6794676.5,700984.44,1107.7327,2481.9663,3749.5525,2322.501
228,6.095446E7,5.8961404E7,6794676.5,700984.44,1170.0063,2433.9998,3749.5525,2322.501
229,6.0920076E7,5.8961404E7,6794676.5,700984.44,1169.1483,2433.9998,3749.5525,2322.501
230,6.4335944E7,5.8961404E7,6794676.5,700984.44,1234.0442,2433.9998,3749.5525,2322.501
231,6.4335944E7,5.8961404E7,6794676.5,700984.44,1234.0442,2433.9998,3749.5525,2322.501
232,6.107572E7,5.8961404E7,6794676.5,708323.8,1167.2167,2433.9998,3749.5525,2347.7627
233,6.0920076E7,5.8961404E7,6794676.5,708323.8,1169.1483,2433.9998,3749.5525,2347.7627
234,6.095446E7,6.023568E7,6794676.5,708323.8,1170.0063,2482.9229,3749.5525,2347.7627
235,5.4022272E7,5.9039484E7,6794676.5,708323.8,1038.5082,2431.8733,3749.5525,2347.7627
236,5.4022272E7,5.9039484E7,6794676.5,708323.8,1038.5082,2431.8733,3749.5525,2347.7627
237,5.743814E7,6.023568E7,6794676.5,717095.94,1103.4039,2482.9229,3749.5525,2375.8037
238,5.743814E7,6.023568E7,6794676.5,717095.94,1103.4039,2482.9229,3749.5525,2375.8037
239,5.743814E7,6.023568E7,6794676.5,717095.94,1103.4039,2482.9229,3749.5525,2375.8037
240,5.743814E7,6.023568E7,6794676.5,717095.94,1103.4039,2482.9229,3749.5525,2375.8037
241,5.743814E7,5.9039484E7,6794676.5,723696.56,1103.4039,2431.8733,3749.5525,2399.6125
242,5.743814E7,5.8949748E7,6794676.5,731409.44,1103.4039,2432.2478,3749.5525,2427.6106
243,5.3328892E7,6.023568E7,6794676.5,738679.2,1033.202,2482.9229,3749.5525,2453.0833
244,5.3706564E7,5.8961404E7,6794676.5,746640.6,1036.4785,2433.9998,3749.5525,2478.795
245,5.743814E7,5.8961404E7,6794676.5,746640.6,1103.4039,2433.9998,3749.5525,2478.795
246,5.743814E7,5.8961404E7,6794676.5,746640.6,1103.4039,2433.9998,3749.5525,2478.795
247,5.743814E7,5.8961404E7,6794676.5,746640.6,1103.4039,2433.9998,3749.5525,2478.795
248,5.743814E7,5.8961404E7,6794676.5,746640.6,1103.4039,2433.9998,3749.5525,2478.795
249,5.743814E7,5.8961404E7,6794676.5,746640.6,1103.4039,2433.9998,3749.5525,2478.795
250,5.743814E7,5.8961404E7,6794676.5,746640.6,1103.4039,2433.9998,3749.5525,2478.795
251,5.743814E7,5.8961404E7,6794676.5,746640.6,1103.4039,2433.9998,3749.5525,2478.795
252,5.7668804E7,6.018818E7,6794676.5,746640.6,1100.7201,2483.4165,3749.5525,2478.795
253,5.743814E7,6.018818E7,6794676.5,746640.6,1103.4039,2483.4165,3749.5525,2478.795
254,5.3991508E7,6.018818E7,6794676.5,755526.4,1036.3359,2483.4165,3749.5525,2504.5044
255,5.743814E7,6.004154E7,6794676.5,755526.4,1103.4039,2480.261,3749.5525,2504.5044
256,5.3991508E7,6.004154E7,6794676.5,763910.7,1036.3359,2480.261,3749.5525,2531.4602
257,5.743814E7,5.8845344E7,6794676.5,763910.7,1103.4039,2429.2114,3749.5525,2531.4602
258,5.743814E7,5.8775788E7,6794676.5,763910.7,1103.4039,2426.714,3749.5525,2531.4602
259,5.743814E7,6.0033256E7,6794676.5,763910.7,1103.4039,2477.53,3749.5525,2531.4602
260,5.743814E7,6.0033256E7,6794676.5,763910.7,1103.4039,2477.53,3749.5525,2531.4602
261,5.743814E7,6.0033256E7,6794676.5,763910.7,1103.4039,2477.53,3749.5525,2531.4602
262,5.743814E7,6.0033256E7,6794676.5,763910.7,1103.4039,2477.53,3749.5525,2531.4602
263,5.743814E7,6.0033256E7,6794676.5,763910.7,1103.4039,2477.53,3749.5525,2531.4602
264,5.743814E7,6.0033256E7,6794676.5,763910.7,1103.4039,2477.53,3749.5525,2531.4602
265,5.743814E7,5.8702016E7,6794676.5,771727.75,1103.4039,2425.1882,3749.5525,2557.1895
266,5.743814E7,6.0033256E7,6794676.5,771727.75,1103.4039,2477.53,3749.5525,2557.1895
267,5.743814E7,6.0033256E7,6794676.5,771727.75,1103.4039,2477.53,3749.5525,2557.1895
268,5.743814E7,6.0033256E7,6794676.5,771727.75,1103.4039,2477.53,3749.5525,2557.1895
269,5.743814E7,6.0033256E7,6794676.5,778908.4,1103.4039,2477.53,3749.5525,2582.226
270,5.743814E7,6.1335368E7,6794676.5,778908.4,1103.4039,2528.3347,3749.5525,2582.226
271,5.743814E7,6.1335368E7,6794676.5,778908.4,1103.4039,2528.3347,3749.5525,2582.226
272,5.743814E7,6.1335368E7,6794676.5,778908.4,1103.4039,2528.3347,3749.5525,2582.226
273,5.743814E7,6.1335368E7,6794676.5,778908.4,1103.4039,2528.3347,3749.5525,2582.226
274,5.743814E7,6.1335368E7,6794676.5,778908.4,1103.4039,2528.3347,3749.5525,2582.226
275,5.743814E7,6.1335368E7,6794676.5,778908.4,1103.4039,2528.3347,3749.5525,2582.226
276,5.743814E7,6.1335368E7,6794676.5,778908.4,1103.4039,2528.3347,3749.5525,2582.226
277,5.743814E7,6.1335368E7,6794676.5,778908.4,1103.4039,2528.3347,3749.5525,2582.226
278,6.0877956E7,5.6335656E7,7097277.5,778908.4,1168.8438,2327.315,3906.1096,2582.226
279,5.1137048E7,5.9915104E7,7097277.5,778908.4,976.2344,2474.8186,3906.1096,2582.226
280,3.967196E7,5.9915104E7,7097277.5,787265.06,766.77783,2474.8186,3906.1096,2608.293
281,4.3581172E7,5.9915104E7,7097277.5,787265.06,838.96423,2474.8186,3906.1096,2608.293
282,3.967196E7,5.9915104E7,7097277.5,795271.0,766.77783,2474.8186,3906.1096,2634.2058
283,5.1137048E7,5.86963E7,7097277.5,795271.0,976.2344,2425.4182,3906.1096,2634.2058
284,5.1137048E7,5.86963E7,7097277.5,795271.0,976.2344,2425.4182,3906.1096,2634.2058
285,5.1137048E7,5.86963E7,7097277.5,795271.0,976.2344,2425.4182,3906.1096,2634.2058
286,4.7405472E7,5.7508388E7,7097277.5,801776.4,909.30884,2377.0996,3906.1096,2657.471
287,5.1137048E7,5.6256168E7,7332759.5,801776.4,976.2344,2326.019,4050.007,2657.471
288,4.0268504E7,5.7508388E7,7332759.5,801776.4,775.8501,2377.0996,4050.007,2657.471
289,5.1137048E7,5.6274796E7,7256780.0,801776.4,976.2344,2326.706,4032.4153,2657.471
290,3.7057544E7,5.6274796E7,7556109.0,801776.4,713.4876,2326.706,4187.767,2657.471
291,3.7057544E7,5.6274796E7,7556109.0,801776.4,713.4876,2326.706,4187.767,2657.471
292,3.7057544E7,5.6274796E7,7556109.0,801776.4,713.4876,2326.706,4187.767,2657.471
293,4.7027804E7,5.5135484E7,7556109.0,801776.4,906.03235,2278.6016,4187.767,2657.471
294,4.7027804E7,5.5135484E7,7556109.0,801776.4,906.03235,2278.6016,4187.767,2657.471
295,4.7027804E7,5.5135484E7,7556109.0,801776.4,906.03235,2278.6016,4187.767,2657.471
296,4.7027804E7,5.5022576E7,7556109.0,801776.4,906.03235,2275.6255,4187.767,2657.471
297,4.7027804E7,5.5022576E7,7556109.0,801776.4,906.03235,2275.6255,4187.767,2657.471
298,4.7027804E7,5.5022576E7,7556109.0,801776.4,906.03235,2275.6255,4187.767,2657.471
299,4.7027804E7,5.5022576E7,7556109.0,801776.4,906.03235,2275.6255,4187.767,2657.471
300,4.7027804E7,5.5022576E7,7556109.0,801776.4,906.03235,2275.6255,4187.767,2657.471
301,4.7027804E7,5.5022576E7,7556109.0,801776.4,906.03235,2275.6255,4187.767,2657.471
302,4.3816844E7,5.651466E7,7556109.0,801776.4,843.66986,2329.2078,4187.767,2657.471
303,4.7027804E7,5.651466E7,7556109.0,801776.4,906.03235,2329.2078,4187.767,2657.471
304,4.7027804E7,5.651466E7,7556109.0,801776.4,906.03235,2329.2078,4187.767,2657.471
305,4.7027804E7,5.651466E7,7556109.0,801776.4,906.03235,2329.2078,4187.767,2657.471
306,4.7027804E7,5.651466E7,7556109.0,801776.4,906.03235,2329.2078,4187.767,2657.471
307,4.7027804E7,5.651466E7,7539162.5,801776.4,906.03235,2329.2078,4188.8394,2657.471
308,4.055662E7,5.6714596E7,7799228.5,801776.4,776.84235,2333.2188,4335.8857,2657.471
309,4.3816844E7,5.6714596E7,7799228.5,801776.4,843.66986,2333.2188,4335.8857,2657.471
310,4.3816844E7,5.6714596E7,7799228.5,801776.4,843.66986,2333.2188,4335.8857,2657.471
311,4.3816844E7,5.6714596E7,7799228.5,801776.4,843.66986,2333.2188,4335.8857,2657.471
312,4.0092372E7,5.6714596E7,7799228.5,810371.5,777.9112,2333.2188,4335.8857,2684.0503
313,4.3816844E7,5.6714596E7,7799228.5,817336.56,843.66986,2333.2188,4335.8857,2708.2637
314,4.3816844E7,5.6714596E7,7799228.5,817336.56,843.66986,2333.2188,4335.8857,2708.2637
315,4.3816844E7,5.6714596E7,7799228.5,817336.56,843.66986,2333.2188,4335.8857,2708.2637
316,4.7838412E7,5.6714596E7,7799228.5,817336.56,914.03656,2333.2188,4335.8857,2708.2637
317,4.7838412E7,5.6714596E7,7799228.5,817336.56,914.03656,2333.2188,4335.8857,2708.2637
318,4.7838412E7,5.6714596E7,7799228.5,817336.56,914.03656,2333.2188,4335.8857,2708.2637
319,4.7838412E7,5.6714596E7,7799228.5,817336.56,914.03656,2333.2188,4335.8857,2708.2637
320,5.1859936E7,5.5514268E7,7799228.5,823916.44,982.6485,2281.9858,4335.8857,2732.1096
321,4.8413304E7,5.5514268E7,7799228.5,832228.9,915.5804,2281.9858,4335.8857,2757.1382
322,4.8413304E7,5.5514268E7,7799228.5,832228.9,915.5804,2281.9858,4335.8857,2757.1382
323,4.4504088E7,5.5514268E7,7799228.5,841189.0,843.394,2281.9858,4335.8857,2784.1968
324,4.8413304E7,5.5514268E7,7799228.5,841189.0,915.5804,2281.9858,4335.8857,2784.1968
325,4.4688832E7,5.2756908E7,8059452.5,841189.0,849.8217,2179.133,4482.043,2784.1968
326,3.4439988E7,5.5514268E7,8059452.5,841189.0,656.8461,2281.9858,4482.043,2784.1968
327,3.4439988E7,5.5514268E7,8059452.5,841189.0,656.8461,2281.9858,4482.043,2784.1968
328,4.1774224E7,5.5514268E7,8059452.5,841189.0,790.32697,2281.9858,4482.043,2784.1968
329,3.4439988E7,5.5514268E7,8059452.5,841189.0,656.8461,2281.9858,4482.043,2784.1968
330,3.4439988E7,5.445126E7,8334732.5,841189.0,656.8461,2232.1716,4629.111,2784.1968
331,3.116519E7,5.4187284E7,8334732.5,841189.0,590.8182,2228.1484,4629.111,2784.1968
332,3.116519E7,5.4187284E7,8334732.5,841189.0,590.8182,2228.1484,4629.111,2784.1968
333,3.116519E7,5.4055972E7,8334732.5,841189.0,590.8182,2227.7642,4629.111,2784.1968
334,3.4439988E7,5.4055972E7,8334732.5,841189.0,656.8461,2227.7642,4629.111,2784.1968
335,3.4439988E7,5.4055972E7,8334732.5,841189.0,656.8461,2227.7642,4629.111,2784.1968
336,3.4439988E7,5.4055972E7,8334732.5,841189.0,656.8461,2227.7642,4629.111,2784.1968
337,3.4439988E7,5.3000956E7,8334732.5,841189.0,656.8461,2182.3196,4629.111,2784.1968
338,3.4439988E7,5.3000956E7,8334732.5,841189.0,656.8461,2182.3196,4629.111,2784.1968
339,3.4439988E7,5.3000956E7,8334732.5,841189.0,656.8461,2182.3196,4629.111,2784.1968
340,3.1121548E7,5.3000956E7,8334732.5,848971.5,592.3812,2182.3196,4629.111,2810.5454
341,3.4439988E7,5.2007236E7,8334732.5,848971.5,656.8461,2135.1394,4629.111,2810.5454
342,3.4439988E7,5.0675996E7,8334732.5,856822.94,656.8461,2082.7976,4629.111,2836.3218
343,3.4439988E7,5.0638884E7,8334732.5,856822.94,656.8461,2083.8745,4629.111,2836.3218
344,3.0708408E7,5.0638884E7,8334732.5,862648.75,589.92065,2083.8745,4629.111,2859.123
345,3.4439988E7,5.0638884E7,8334732.5,862648.75,656.8461,2083.8745,4629.111,2859.123
346,3.4439988E7,5.0638884E7,8334732.5,862648.75,656.8461,2083.8745,4629.111,2859.123
347,3.4439988E7,5.0638884E7,8334732.5,862648.75,656.8461,2083.8745,4629.111,2859.123
348,3.4439988E7,5.0638884E7,8334732.5,862648.75,656.8461,2083.8745,4629.111,2859.123
349,3.4439988E7,5.0638884E7,8334732.5,862648.75,656.8461,2083.8745,4629.111,2859.123
350,3.0708408E7,5.0638884E7,8334732.5,869499.2,589.92065,2083.8745,4629.111,2883.4287
351,3.4439988E7,5.2007236E7,8334732.5,869499.2,656.8461,2135.1394,4629.111,2883.4287
352,2.426256E7,5.2007236E7,8618773.0,869499.2,463.4783,2135.1394,4780.515,2883.4287
353,3.0708408E7,5.0638884E7,8618773.0,869499.2,589.92065,2083.8745,4780.515,2883.4287
354,3.0708408E7,5.0638884E7,8618773.0,869499.2,589.92065,2083.8745,4780.515,2883.4287
355,3.0708408E7,5.0638884E7,8618773.0,869499.2,589.92065,2083.8745,4780.515,2883.4287
356,3.0708408E7,5.0638884E7,8618773.0,869499.2,589.92065,2083.8745,4780.515,2883.4287
357,3.0708408E7,5.0638884E7,8618773.0,869499.2,589.92065,2083.8745,4780.515,2883.4287
358,3.4050364E7,4.9307644E7,8618773.0,877565.7,654.77295,2031.5326,4780.515,2909.057
359,3.079014E7,5.1926292E7,8618773.0,877565.7,587.94543,2138.561,4780.515,2909.057
360,3.4050364E7,5.1926292E7,8618773.0,877565.7,654.77295,2138.561,4780.515,2909.057
361,3.4050364E7,5.1926292E7,8618773.0,877565.7,654.77295,2138.561,4780.515,2909.057
362,3.4050364E7,5.1926292E7,8618773.0,877565.7,654.77295,2138.561,4780.515,2909.057
363,3.4050364E7,5.0595924E7,8618773.0,885759.6,654.77295,2086.6655,4780.515,2934.5933
364,3.4050364E7,5.1926292E7,8618773.0,885759.6,654.77295,2138.561,4780.515,2934.5933
365,3.4050364E7,5.1926292E7,8618773.0,885759.6,654.77295,2138.561,4780.515,2934.5933
366,3.4050364E7,5.1926292E7,8618773.0,885759.6,654.77295,2138.561,4780.515,2934.5933
367,3.0779632E7,5.059362E7,8618773.0,885759.6,592.514,2086.0774,4780.515,2934.5933
368,3.0779632E7,5.059362E7,8618773.0,885759.6,592.514,2086.0774,4780.515,2934.5933
369,3.0779632E7,5.177792E7,8618773.0,885759.6,592.514,2134.1497,4780.515,2934.5933
370,2.7461192E7,5.1633576E7,8618773.0,885759.6,528.0491,2131.5605,4780.515,2934.5933
371,3.0779632E7,5.1633576E7,8618773.0,885759.6,592.514,2131.5605,4780.515,2934.5933
372,3.0779632E7,5.1633576E7,8618773.0,891901.94,592.514,2131.5605,4780.515,2957.3635
373,3.0779632E7,5.1633576E7,8618773.0,891901.94,592.514,2131.5605,4780.515,2957.3635
374,3.0779632E7,5.1633576E7,8618773.0,891901.94,592.514,2131.5605,4780.515,2957.3635
375,3.0779632E7,5.0375888E7,8618773.0,898307.2,592.514,2080.3574,4780.515,2980.0198
376,3.0779632E7,5.1633576E7,8618773.0,898307.2,592.514,2131.5605,4780.515,2980.0198
377,3.0779632E7,5.4292848E7,8618773.0,898307.2,592.514,2235.4854,4780.515,2980.0198
378,3.0779632E7,5.4292848E7,8618773.0,898307.2,592.514,2235.4854,4780.515,2980.0198
379,3.0779632E7,5.4292848E7,8618773.0,898307.2,592.514,2235.4854,4780.515,2980.0198
380,3.0779632E7,5.4292848E7,8618773.0,898307.2,592.514,2235.4854,4780.515,2980.0198
381,3.0779632E7,5.4292848E7,8618773.0,898307.2,592.514,2235.4854,4780.515,2980.0198
382,3.0779632E7,5.4292848E7,8618773.0,898307.2,592.514,2235.4854,4780.515,2980.0198
383,3.488916E7,5.2641752E7,8618773.0,898307.2,661.1357,2178.1914,4780.515,2980.0198
384,3.488916E7,5.386852E7,8618773.0,898307.2,661.1357,2227.6082,4780.515,2980.0198
385,3.488916E7,5.386852E7,8618773.0,898307.2,661.1357,2227.6082,4780.515,2980.0198
386,3.488916E7,5.386852E7,8618773.0,898307.2,661.1357,2227.6082,4780.515,2980.0198
387,3.488916E7,5.386852E7,8618773.0,906512.4,661.1357,2227.6082,4780.515,3007.0063
388,3.488916E7,5.386852E7,8618773.0,914641.8,661.1357,2227.6082,4780.515,3032.3816
389,3.15472E7,5.386852E7,8618773.0,923263.4,596.2833,2227.6082,4780.515,3058.562
390,3.086764E7,5.3678504E7,8618773.0,923263.4,592.5237,2225.0093,4780.515,3058.562
391,3.1714044E7,5.3678504E7,8618773.0,923263.4,596.9523,2225.0093,4780.515,3058.562
392,3.1714044E7,5.3678504E7,8618773.0,923263.4,596.9523,2225.0093,4780.515,3058.562
393,3.1714044E7,5.3678504E7,8618773.0,923263.4,596.9523,2225.0093,4780.515,3058.562
394,3.1714044E7,5.3678504E7,8618773.0,923263.4,596.9523,2225.0093,4780.515,3058.562
395,3.488916E7,5.3678504E7,8618773.0,923263.4,661.1357,2225.0093,4780.515,3058.562
396,3.1714044E7,5.2348136E7,8618773.0,923263.4,596.9523,2173.114,4780.515,3058.562
397,2.8372084E7,5.2348136E7,8618773.0,923263.4,532.1,2173.114,4780.515,3058.562
398,3.1714044E7,5.132288E7,8618773.0,923263.4,596.9523,2128.3704,4780.515,3058.562
399,3.5242072E7,5.132288E7,8618773.0,923263.4,660.9449,2128.3704,4780.515,3058.562
400,3.5242072E7,5.2421884E7,8618773.0,923263.4,660.9449,2175.5437,4780.515,3058.562
401,3.5242072E7,5.2421884E7,8618773.0,923263.4,660.9449,2175.5437,4780.515,3058.562
402,3.5242072E7,5.220198E7,8618773.0,923263.4,660.9449,2171.4487,4780.515,3058.562
403,3.5242072E7,5.1176724E7,8618773.0,923263.4,660.9449,2126.705,4780.515,3058.562
404,3.5242072E7,5.1176724E7,8618773.0,923263.4,660.9449,2126.705,4780.515,3058.562
405,3.5242072E7,5.220198E7,8618773.0,923263.4,660.9449,2171.4487,4780.515,3058.562
406,3.1332856E7,5.1176724E7,8618773.0,931232.56,588.75854,2126.705,4780.515,3083.9219
407,3.1714044E7,5.1176724E7,8618773.0,931232.56,596.9523,2126.705,4780.515,3083.9219
408,3.1714044E7,5.1176724E7,8618773.0,931232.56,596.9523,2126.705,4780.515,3083.9219
409,3.1714044E7,5.1176724E7,8618773.0,931232.56,596.9523,2126.705,4780.515,3083.9219
410,3.5242072E7,5.1102976E7,8618773.0,931232.56,660.9449,2124.2754,4780.515,3083.9219
411,3.5242072E7,5.007772E7,8618773.0,931232.56,660.9449,2079.5317,4780.515,3083.9219
412,3.5242072E7,5.007772E7,8618773.0,931232.56,660.9449,2079.5317,4780.515,3083.9219
413,3.5242072E7,5.007772E7,8618773.0,931232.56,660.9449,2079.5317,4780.515,3083.9219
414,3.5242072E7,5.007772E7,8618773.0,931232.56,660.9449,2079.5317,4780.515,3083.9219
415,3.5242072E7,5.007772E7,8618773.0,931232.56,660.9449,2079.5317,4780.515,3083.9219
416,3.5242072E7,5.007772E7,8618773.0,931232.56,660.9449,2079.5317,4780.515,3083.9219
417,3.5242072E7,5.007772E7,8618773.0,931232.56,660.9449,2079.5317,4780.515,3083.9219
418,3.5242072E7,4.8798172E7,8618773.0,937903.56,660.9449,2027.7476,4780.515,3107.8113
419,3.5242072E7,5.007772E7,8618773.0,937903.56,660.9449,2079.5317,4780.515,3107.8113
420,3.5242072E7,5.007772E7,8618773.0,937903.56,660.9449,2079.5317,4780.515,3107.8113
421,3.5242072E7,5.007772E7,8618773.0,937903.56,660.9449,2079.5317,4780.515,3107.8113
422,3.5242072E7,5.007772E7,8618773.0,944919.8,660.9449,2079.5317,4780.515,3132.7537
423,3.5242072E7,5.007772E7,8618773.0,944919.8,660.9449,2079.5317,4780.515,3132.7537
424,3.5242072E7,5.007772E7,8618773.0,950681.4,660.9449,2079.5317,4780.515,3155.0676
425,3.5242072E7,5.007772E7,8618773.0,950681.4,660.9449,2079.5317,4780.515,3155.0676
426,3.5242072E7,5.007772E7,8618773.0,950681.4,660.9449,2079.5317,4780.515,3155.0676
427,3.907098E7,5.007772E7,8618773.0,950681.4,731.2217,2079.5317,4780.515,3155.0676
428,3.907098E7,5.007772E7,8618773.0,958082.4,731.2217,2079.5317,4780.515,3179.1785
429,3.805708E7,5.007772E7,8618773.0,958082.4,720.96246,2079.5317,4780.515,3179.1785
430,4.2166604E7,5.007772E7,8618773.0,958082.4,789.5841,2079.5317,4780.515,3179.1785
431,4.2166604E7,5.007772E7,8618773.0,958082.4,789.5841,2079.5317,4780.515,3179.1785
432,4.2166604E7,5.1612648E7,8618773.0,958082.4,789.5841,2134.84,4780.515,3179.1785
433,4.2166604E7,5.1612648E7,8618773.0,958082.4,789.5841,2134.84,4780.515,3179.1785
434,4.2166604E7,5.1612648E7,8618773.0,958082.4,789.5841,2134.84,4780.515,3179.1785
435,4.2166604E7,5.1612648E7,8618773.0,958082.4,789.5841,2134.84,4780.515,3179.1785
436,4.2166604E7,5.2858736E7,8618773.0,958082.4,789.5841,2182.8984,4780.515,3179.1785
437,4.2166604E7,5.2858736E7,8618773.0,958082.4,789.5841,2182.8984,4780.515,3179.1785
438,3.8906384E7,5.2858736E7,8618773.0,965602.44,722.7566,2182.8984,4780.515,3203.4893
439,4.2166604E7,5.2858736E7,8618773.0,965602.44,789.5841,2182.8984,4780.515,3203.4893
440,4.2166604E7,5.2858736E7,8618773.0,972675.06,789.5841,2182.8984,4780.515,3227.2935
441,4.2166604E7,5.2858736E7,8618773.0,972675.06,789.5841,2182.8984,4780.515,3227.2935
442,4.2166604E7,5.2858736E7,8618773.0,978877.25,789.5841,2182.8984,4780.515,3249.6594
443,4.181876E7,5.2858736E7,8618773.0,978877.25,785.86273,2182.8984,4780.515,3249.6594
444,4.181876E7,5.03331E7,8618773.0,978877.25,785.86273,2083.056,4780.515,3249.6594
445,4.181876E7,5.03331E7,8618773.0,978877.25,785.86273,2083.056,4780.515,3249.6594
446,4.181876E7,5.03331E7,8618773.0,978877.25,785.86273,2083.056,4780.515,3249.6594
447,4.181876E7,5.03331E7,8618773.0,978877.25,785.86273,2083.056,4780.515,3249.6594
448,4.1099256E7,5.1579188E7,8618773.0,986239.3,781.3294,2131.1143,4780.515,3274.178
449,4.1099256E7,5.1579188E7,8618773.0,986239.3,781.3294,2131.1143,4780.515,3274.178
450,4.1099256E7,5.1579188E7,8618773.0,986239.3,781.3294,2131.1143,4780.515,3274.178
451,4.5208784E7,5.1579188E7,8618773.0,992724.44,849.9511,2131.1143,4780.515,3297.2712
452,4.5208784E7,5.1579188E7,8618773.0,992724.44,849.9511,2131.1143,4780.515,3297.2712
453,3.842076E7,5.1579188E7,8618773.0,992724.44,724.1467,2131.1143,4780.515,3297.2712
454,4.9052428E7,5.0394888E7,8618773.0,992724.44,917.89197,2083.042,4780.515,3297.2712
455,4.9052428E7,5.1579188E7,8618773.0,1000036.2,917.89197,2131.1143,4780.515,3322.0728
456,4.9052428E7,5.0394888E7,8618773.0,1000036.2,917.89197,2083.042,4780.515,3322.0728
457,4.9052428E7,5.0394888E7,8618773.0,1000036.2,917.89197,2083.042,4780.515,3322.0728
458,4.9052428E7,5.0394888E7,8618773.0,1000036.2,917.89197,2083.042,4780.515,3322.0728
459,4.9052428E7,5.1579188E7,8618773.0,1007168.3,917.89197,2131.1143,4780.515,3346.742
460,4.9052428E7,5.0394888E7,8618773.0,1007168.3,917.89197,2083.042,4780.515,3346.742
461,4.9052428E7,5.0394888E7,8618773.0,1007168.3,917.89197,2083.042,4780.515,3346.742
462,4.9052428E7,5.0394888E7,8618773.0,1007168.3,917.89197,2083.042,4780.515,3346.742
463,4.5792204E7,4.878314E7,8928386.0,1007168.3,851.06445,2025.2631,4941.8867,3346.742
464,3.1331632E7,5.0394888E7,8928386.0,1007168.3,587.0424,2083.042,4941.8867,3346.742
465,3.1331632E7,5.0394888E7,8928386.0,1007168.3,587.0424,2083.042,4941.8867,3346.742
466,3.1331632E7,5.0394888E7,8928386.0,1007168.3,587.0424,2083.042,4941.8867,3346.742
467,3.1331632E7,5.0394888E7,8928386.0,1007168.3,587.0424,2083.042,4941.8867,3346.742
468,3.8242656E7,5.174088E7,8928386.0,1007168.3,718.45984,2134.5757,4941.8867,3346.742
469,4.2264176E7,5.028408E7,8928386.0,1007168.3,787.07184,2080.8398,4941.8867,3346.742
470,4.2264176E7,5.028408E7,8928386.0,1007168.3,787.07184,2080.8398,4941.8867,3346.742
471,4.2264176E7,5.028408E7,8928386.0,1007168.3,787.07184,2080.8398,4941.8867,3346.742
472,3.8154652E7,5.028408E7,8928386.0,1007168.3,718.45013,2080.8398,4941.8867,3346.742
473,3.8154652E7,5.028408E7,8928386.0,1007168.3,718.45013,2080.8398,4941.8867,3346.742
474,3.8154652E7,5.028408E7,8928386.0,1007168.3,718.45013,2080.8398,4941.8867,3346.742
475,3.8154652E7,5.1264496E7,8928386.0,1007168.3,718.45013,2124.9226,4941.8867,3346.742
476,3.5059024E7,5.1544336E7,8928386.0,1007168.3,660.0877,2130.5383,4941.8867,3346.742
477,3.5059024E7,5.1544336E7,8928386.0,1007168.3,660.0877,2130.5383,4941.8867,3346.742
478,3.5059024E7,5.1544336E7,8928386.0,1007168.3,660.0877,2130.5383,4941.8867,3346.742
479,3.8154652E7,5.1264496E7,8928386.0,1007168.3,718.45013,2124.9226,4941.8867,3346.742
480,3.8154652E7,5.1264496E7,8928386.0,1007168.3,718.45013,2124.9226,4941.8867,3346.742
481,3.8154652E7,5.1264496E7,8928386.0,1007168.3,718.45013,2124.9226,4941.8867,3346.742
482,3.8154652E7,5.1264496E7,8928386.0,1007168.3,718.45013,2124.9226,4941.8867,3346.742
483,3.8154652E7,5.1264496E7,8928386.0,1007168.3,718.45013,2124.9226,4941.8867,3346.742
484,3.4764632E7,5.1264496E7,8928386.0,1014167.8,654.3618,2124.9226,4941.8867,3372.0984
485,3.8154652E7,5.1264496E7,8928386.0,1014167.8,718.45013,2124.9226,4941.8867,3372.0984
486,3.8154652E7,5.1264496E7,8928386.0,1014167.8,718.45013,2124.9226,4941.8867,3372.0984
487,3.8154652E7,5.1264496E7,8928386.0,1014167.8,718.45013,2124.9226,4941.8867,3372.0984
488,3.8154652E7,4.9981932E7,8928386.0,1014167.8,718.45013,2074.3787,4941.8867,3372.0984
489,3.8154652E7,4.9981932E7,8928386.0,1014167.8,718.45013,2074.3787,4941.8867,3372.0984
490,3.8154652E7,4.9981932E7,8928386.0,1014167.8,718.45013,2074.3787,4941.8867,3372.0984
491,3.8154652E7,4.9981932E7,8928386.0,1014167.8,718.45013,2074.3787,4941.8867,3372.0984
492,3.8154652E7,4.9981932E7,8928386.0,1014167.8,718.45013,2074.3787,4941.8867,3372.0984
493,3.8154652E7,4.9981932E7,8928386.0,1014167.8,718.45013,2074.3787,4941.8867,3372.0984
494,3.8154652E7,4.9981932E7,8928386.0,1014167.8,718.45013,2074.3787,4941.8867,3372.0984
495,3.8154652E7,4.9981932E7,8928386.0,1014167.8,718.45013,2074.3787,4941.8867,3372.0984
496,3.4325744E7,5.2784496E7,8928386.0,1014167.8,648.17334,2178.6445,4941.8867,3372.0984
497,3.5059024E7,5.1725088E7,8928386.0,1014167.8,660.0877,2132.145,4941.8867,3372.0984
498,3.5059024E7,5.1725088E7,8928386.0,1014167.8,660.0877,2132.145,4941.8867,3372.0984
499,3.8154652E7,5.152424E7,8928386.0,1014167.8,718.45013,2128.9458,4941.8867,3372.0984
500,3.4311004E7,5.152424E7,8928386.0,1021932.1,650.5093,2128.9458,4941.8867,3397.292
501,3.8154652E7,5.0271088E7,8928386.0,1029690.5,718.45013,2078.1877,4941.8867,3422.3652
502,3.516054E7,5.0464832E7,8928386.0,1038601.9,657.3192,2082.4463,4941.8867,3450.0408
503,3.4311004E7,5.152424E7,8928386.0,1046686.8,650.5093,2128.9458,4941.8867,3474.7952
504,3.8154652E7,5.152424E7,8928386.0,1046686.8,718.45013,2128.9458,4941.8867,3474.7952
505,3.4879856E7,5.152424E7,8928386.0,1053865.8,652.4222,2128.9458,4941.8867,3499.482
506,3.8154652E7,5.0153932E7,8928386.0,1053865.8,718.45013,2076.184,4941.8867,3499.482
507,3.8154652E7,5.0153932E7,8928386.0,1053865.8,718.45013,2076.184,4941.8867,3499.482
508,3.8154652E7,5.0153932E7,8928386.0,1053865.8,718.45013,2076.184,4941.8867,3499.482
509,3.8154652E7,5.0153932E7,8928386.0,1053865.8,718.45013,2076.184,4941.8867,3499.482
510,3.8154652E7,5.0153932E7,8928386.0,1053865.8,718.45013,2076.184,4941.8867,3499.482
511,3.8154652E7,5.0153932E7,8928386.0,1053865.8,718.45013,2076.184,4941.8867,3499.482
512,4.1643712E7,5.0153932E7,8928386.0,1060944.4,782.73553,2076.184,4941.8867,3523.5515
513,4.1643712E7,5.0153932E7,8928386.0,1060944.4,782.73553,2076.184,4941.8867,3523.5515
514,4.5564968E7,5.0153932E7,8928386.0,1060944.4,851.17163,2076.184,4941.8867,3523.5515
515,4.2075912E7,4.9094524E7,8928386.0,1060944.4,786.8862,2029.6847,4941.8867,3523.5515
516,4.9692352E7,4.9094524E7,8928386.0,1060944.4,922.6266,2029.6847,4941.8867,3523.5515
517,4.896102E7,4.9094524E7,8928386.0,1060944.4,915.96356,2029.6847,4941.8867,3523.5515
518,4.547196E7,4.9094524E7,8928386.0,1067773.2,851.67816,2029.6847,4941.8867,3548.0242
519,4.547196E7,4.9094524E7,8928386.0,1067773.2,851.67816,2029.6847,4941.8867,3548.0242
520,4.547196E7,4.9094524E7,8928386.0,1067773.2,851.67816,2029.6847,4941.8867,3548.0242
521,4.547196E7,4.9094524E7,8928386.0,1067773.2,851.67816,2029.6847,4941.8867,3548.0242
522,4.2477848E7,4.9094524E7,8928386.0,1067773.2,790.54724,2029.6847,4941.8867,3548.0242
523,4.2477848E7,4.9094524E7,8928386.0,1074509.5,790.54724,2029.6847,4941.8867,3571.9043
524,4.2477848E7,4.9094524E7,8928386.0,1074509.5,790.54724,2029.6847,4941.8867,3571.9043
525,3.5460964E7,4.9094524E7,9158230.0,1074509.5,663.7487,2029.6847,5074.3667,3571.9043
526,3.4727684E7,4.7576976E7,9158230.0,1074509.5,651.83435,1973.2205,5074.3667,3571.9043
527,3.8556588E7,5.0355732E7,9158230.0,1074509.5,722.11115,2080.0625,5074.3667,3571.9043
528,3.8556588E7,5.0355732E7,9158230.0,1074509.5,722.11115,2080.0625,5074.3667,3571.9043
529,3.8556588E7,5.0355732E7,9158230.0,1074509.5,722.11115,2080.0625,5074.3667,3571.9043
530,3.8556588E7,5.0355732E7,9158230.0,1082362.8,722.11115,2080.0625,5074.3667,3597.2595
531,3.8556588E7,5.0355732E7,9158230.0,1089225.5,722.11115,2080.0625,5074.3667,3621.7517
532,3.8556588E7,5.0355732E7,9158230.0,1089225.5,722.11115,2080.0625,5074.3667,3621.7517
533,4.2110204E7,5.0355732E7,9158230.0,1089225.5,788.8284,2080.0625,5074.3667,3621.7517
534,4.1878584E7,5.0355732E7,9158230.0,1089225.5,786.4387,2080.0625,5074.3667,3621.7517
535,4.2626604E7,5.0355732E7,9158230.0,1089225.5,796.01715,2080.0625,5074.3667,3621.7517
536,4.2626604E7,5.0355732E7,9158230.0,1089225.5,796.01715,2080.0625,5074.3667,3621.7517
537,4.2626604E7,5.0355732E7,9158230.0,1089225.5,796.01715,2080.0625,5074.3667,3621.7517
538,4.2626604E7,5.0355732E7,9158230.0,1089225.5,796.01715,2080.0625,5074.3667,3621.7517
539,4.2626604E7,5.0355732E7,9158230.0,1089225.5,796.01715,2080.0625,5074.3667,3621.7517
540,3.9230552E7,5.0355732E7,9158230.0,1089225.5,731.2252,2080.0625,5074.3667,3621.7517
541,3.9230552E7,5.0355732E7,9158230.0,1089225.5,731.2252,2080.0625,5074.3667,3621.7517
542,3.5912112E7,5.0355732E7,9158230.0,1097072.8,666.7603,2080.0625,5074.3667,3646.8723
543,3.9230552E7,5.0355732E7,9158230.0,1097072.8,731.2252,2080.0625,5074.3667,3646.8723
544,3.9230552E7,5.0355732E7,9158230.0,1102751.6,731.2252,2080.0625,5074.3667,3669.0002
545,3.9230552E7,5.0355732E7,9158230.0,1102751.6,731.2252,2080.0625,5074.3667,3669.0002
546,4.2926056E7,5.0355732E7,9158230.0,1108938.5,799.4788,2080.0625,5074.3667,3691.4878
547,4.2926056E7,5.0355732E7,9158230.0,1115608.2,799.4788,2080.0625,5074.3667,3715.2708
548,3.8904536E7,5.0355732E7,9158230.0,1122063.5,730.8669,2080.0625,5074.3667,3740.0396
549,3.9097148E7,4.91119E7,9158230.0,1122063.5,729.202,2028.5288,5074.3667,3740.0396
550,4.2926056E7,5.0355732E7,9158230.0,1129900.1,799.4788,2080.0625,5074.3667,3765.221
551,4.2926056E7,4.945116E7,9158230.0,1137163.8,799.4788,2035.9106,5074.3667,3790.3713
552,4.2926056E7,4.945116E7,9158230.0,1137163.8,799.4788,2035.9106,5074.3667,3790.3713
553,4.2926056E7,4.945116E7,9158230.0,1137163.8,799.4788,2035.9106,5074.3667,3790.3713
554,4.2926056E7,4.945116E7,9158230.0,1137163.8,799.4788,2035.9106,5074.3667,3790.3713
555,4.2926056E7,4.945116E7,9158230.0,1137163.8,799.4788,2035.9106,5074.3667,3790.3713
556,4.2926056E7,4.945116E7,9158230.0,1137163.8,799.4788,2035.9106,5074.3667,3790.3713
557,4.2926056E7,4.945116E7,9158230.0,1137163.8,799.4788,2035.9106,5074.3667,3790.3713
558,4.2926056E7,4.945116E7,9158230.0,1137163.8,799.4788,2035.9106,5074.3667,3790.3713
559,4.2926056E7,4.945116E7,9158230.0,1137163.8,799.4788,2035.9106,5074.3667,3790.3713
560,3.9230552E7,5.0638176E7,9158230.0,1137163.8,731.2252,2086.4385,5074.3667,3790.3713
561,4.2926056E7,5.0638176E7,9158230.0,1137163.8,799.4788,2086.4385,5074.3667,3790.3713
562,4.2926056E7,5.0638176E7,9158230.0,1137163.8,799.4788,2086.4385,5074.3667,3790.3713
563,4.2926056E7,5.0638176E7,9158230.0,1137163.8,799.4788,2086.4385,5074.3667,3790.3713
564,3.9372444E7,5.0638176E7,9158230.0,1144929.1,732.76154,2086.4385,5074.3667,3815.406
565,3.9372444E7,5.0638176E7,9158230.0,1144929.1,732.76154,2086.4385,5074.3667,3815.406
566,3.5543536E7,4.9394344E7,9158230.0,1144929.1,662.4847,2034.9049,5074.3667,3815.406
567,3.5543536E7,4.8141192E7,9158230.0,1151030.2,662.4847,1984.1469,5074.3667,3839.0857
568,4.2926056E7,5.0638176E7,9158230.0,1151030.2,799.4788,2086.4385,5074.3667,3839.0857
569,4.2926056E7,5.0638176E7,9158230.0,1151030.2,799.4788,2086.4385,5074.3667,3839.0857
570,4.2926056E7,5.0638176E7,9158230.0,1151030.2,799.4788,2086.4385,5074.3667,3839.0857
571,4.2926056E7,5.0638176E7,9158230.0,1151030.2,799.4788,2086.4385,5074.3667,3839.0857
572,4.2926056E7,5.0638176E7,9158230.0,1151030.2,799.4788,2086.4385,5074.3667,3839.0857
573,4.2926056E7,5.0638176E7,9158230.0,1151030.2,799.4788,2086.4385,5074.3667,3839.0857
574,4.293912E7,5.0638176E7,9158230.0,1151030.2,801.5981,2086.4385,5074.3667,3839.0857
575,3.9385504E7,5.0638176E7,9158230.0,1151030.2,734.8808,2086.4385,5074.3667,3839.0857
576,4.625756E7,5.0638176E7,9158230.0,1151030.2,866.063,2086.4385,5074.3667,3839.0857
577,4.625756E7,5.0638176E7,9158230.0,1151030.2,866.063,2086.4385,5074.3667,3839.0857
578,4.625756E7,5.0638176E7,9158230.0,1151030.2,866.063,2086.4385,5074.3667,3839.0857
579,4.625756E7,5.0638176E7,9158230.0,1151030.2,866.063,2086.4385,5074.3667,3839.0857
580,4.625756E7,5.0638176E7,9158230.0,1157151.4,866.063,2086.4385,5074.3667,3861.5603
581,4.625756E7,5.0638176E7,9158230.0,1157151.4,866.063,2086.4385,5074.3667,3861.5603
582,4.625756E7,4.5914828E7,9422907.0,1157151.4,866.063,1888.3053,5228.1084,3861.5603
583,2.810092E7,4.5811728E7,9688862.0,1157151.4,531.112,1887.1383,5376.6274,3861.5603
584,2.801744E7,4.7142968E7,9688862.0,1164913.2,528.4095,1939.4801,5376.6274,3887.1494
585,2.4742644E7,4.8381752E7,9688862.0,1164913.2,462.38153,1990.5652,5376.6274,3887.1494
586,2.4742644E7,4.8381752E7,9688862.0,1164913.2,462.38153,1990.5652,5376.6274,3887.1494
587,2.4742644E7,4.8381752E7,9688862.0,1164913.2,462.38153,1990.5652,5376.6274,3887.1494
588,2.1352624E7,4.8381752E7,9688862.0,1164913.2,398.2932,1990.5652,5376.6274,3887.1494
589,2.5048132E7,4.8381752E7,9688862.0,1164913.2,466.5468,1990.5652,5376.6274,3887.1494
590,2.810092E7,4.9379976E7,9688862.0,1164913.2,531.112,2035.2319,5376.6274,3887.1494
591,2.810092E7,4.9465392E7,9688862.0,1172924.2,531.112,2037.7196,5376.6274,3912.8584
592,2.810092E7,4.9465392E7,9688862.0,1172924.2,531.112,2037.7196,5376.6274,3912.8584
593,2.810092E7,4.9465392E7,9688862.0,1172924.2,531.112,2037.7196,5376.6274,3912.8584
594,2.810092E7,4.9465392E7,9688862.0,1180054.0,531.112,2037.7196,5376.6274,3937.6855
595,2.810092E7,4.9465392E7,9688862.0,1180054.0,531.112,2037.7196,5376.6274,3937.6855
596,2.810092E7,4.9465392E7,9688862.0,1180054.0,531.112,2037.7196,5376.6274,3937.6855
597,2.810092E7,4.9465392E7,9688862.0,1180054.0,531.112,2037.7196,5376.6274,3937.6855
598,2.810092E7,4.9465392E7,9688862.0,1180054.0,531.112,2037.7196,5376.6274,3937.6855
599,2.4191704E7,4.9465392E7,9688862.0,1188528.6,458.92563,2037.7196,5376.6274,3964.2786
600,2.810092E7,4.8134152E7,9688862.0,1188528.6,531.112,1985.3778,5376.6274,3964.2786
601,2.810092E7,4.8134152E7,9688862.0,1188528.6,531.112,1985.3778,5376.6274,3964.2786
602,2.810092E7,4.8134152E7,9688862.0,1188528.6,531.112,1985.3778,5376.6274,3964.2786
603,2.4826124E7,4.9622876E7,9688862.0,1188528.6,465.08405,2039.8285,5376.6274,3964.2786
604,2.810092E7,4.9622876E7,9688862.0,1188528.6,531.112,2039.8285,5376.6274,3964.2786
605,2.810092E7,4.9622876E7,9688862.0,1188528.6,531.112,2039.8285,5376.6274,3964.2786
606,2.4405412E7,4.9622876E7,9688862.0,1194697.4,462.85837,2039.8285,5376.6274,3987.5945
607,2.810092E7,4.8404924E7,9688862.0,1194697.4,531.112,1989.4774,5376.6274,3987.5945
608,2.810092E7,4.8404924E7,9688862.0,1194697.4,531.112,1989.4774,5376.6274,3987.5945
609,2.810092E7,4.8404924E7,9688862.0,1194697.4,531.112,1989.4774,5376.6274,3987.5945
610,2.810092E7,4.8404924E7,9688862.0,1194697.4,531.112,1989.4774,5376.6274,3987.5945
611,2.810092E7,4.8404924E7,9688862.0,1194697.4,531.112,1989.4774,5376.6274,3987.5945
612,2.47109E7,5.083906E7,9688862.0,1194697.4,467.02365,2090.2102,5376.6274,3987.5945
613,2.810092E7,4.9621108E7,9688862.0,1194697.4,531.112,2039.8591,5376.6274,3987.5945
614,2.4191704E7,4.9621108E7,9688862.0,1202482.1,458.92563,2039.8591,5376.6274,4013.433
615,2.810092E7,4.9621108E7,9688862.0,1202482.1,531.112,2039.8591,5376.6274,4013.433
616,2.810092E7,4.9621108E7,9688862.0,1202482.1,531.112,2039.8591,5376.6274,4013.433
617,2.810092E7,4.9621108E7,9688862.0,1202482.1,531.112,2039.8591,5376.6274,4013.433
618,2.810092E7,4.9621108E7,9631631.0,1202482.1,531.112,2039.8591,5357.026,4013.433
619,2.810092E7,4.7281452E7,9948600.0,1202482.1,531.112,1941.0399,5517.3945,4013.433
620,2.810092E7,4.8443368E7,9948600.0,1209528.6,531.112,1990.5536,5517.3945,4037.8489
621,2.810092E7,4.7281452E7,9948600.0,1209528.6,531.112,1941.0399,5517.3945,4037.8489
622,3.1471764E7,4.7281452E7,9948600.0,1209528.6,594.8415,1941.0399,5517.3945,4037.8489
623,2.6404148E7,4.7281452E7,9948600.0,1209528.6,476.54382,1941.0399,5517.3945,4037.8489
624,3.316501E7,4.7281452E7,9948600.0,1219005.2,604.36163,1941.0399,5517.3945,4066.401
625,2.9794168E7,4.7281452E7,9948600.0,1227957.5,540.6322,1941.0399,5517.3945,4092.878
626,2.6404148E7,4.7281452E7,9948600.0,1227957.5,476.54382,1941.0399,5517.3945,4092.878
627,2.3503296E7,4.7214004E7,9948600.0,1234822.0,415.32294,1939.1144,5517.3945,4116.6597
628,2.3503296E7,4.7214004E7,9948600.0,1234822.0,415.32294,1939.1144,5517.3945,4116.6597
629,2.3503296E7,4.7214004E7,9948600.0,1234822.0,415.32294,1939.1144,5517.3945,4116.6597
630,2.9794168E7,4.8506856E7,9948600.0,1234822.0,540.6322,1990.7604,5517.3945,4116.6597
631,2.9794168E7,4.8506856E7,9948600.0,1241875.4,540.6322,1990.7604,5517.3945,4140.83
632,2.9794168E7,4.8506856E7,9948600.0,1241875.4,540.6322,1990.7604,5517.3945,4140.83
633,2.9794168E7,4.8506856E7,9948600.0,1241875.4,540.6322,1990.7604,5517.3945,4140.83
634,2.9794168E7,4.8506856E7,9948600.0,1241875.4,540.6322,1990.7604,5517.3945,4140.83
635,2.9794168E7,4.8506856E7,9948600.0,1241875.4,540.6322,1990.7604,5517.3945,4140.83
636,2.9794168E7,4.8506856E7,9948600.0,1241875.4,540.6322,1990.7604,5517.3945,4140.83
637,2.9794168E7,4.8506856E7,9912417.0,1241875.4,540.6322,1990.7604,5511.288,4140.83
638,2.6404148E7,4.8506856E7,1.0215018E7,1241875.4,476.54382,1990.7604,5667.845,4140.83
639,2.6404148E7,4.726076E7,1.0215018E7,1241875.4,476.54382,1942.702,5667.845,4140.83
640,2.3503296E7,4.4867068E7,1.0215018E7,1241875.4,415.32294,1842.3529,5667.845,4140.83
641,2.3503296E7,4.615992E7,1.0215018E7,1249014.6,415.32294,1893.9989,5667.845,4164.408
642,2.3503296E7,4.4867068E7,1.0215018E7,1257175.4,415.32294,1842.3529,5667.845,4189.8115
643,2.3503296E7,4.4867068E7,1.0215018E7,1257175.4,415.32294,1842.3529,5667.845,4189.8115
644,1.9481776E7,4.4867068E7,1.0215018E7,1264080.9,346.711,1842.3529,5667.845,4214.0347
645,2.6404148E7,4.4902228E7,1.0215018E7,1264080.9,476.54382,1842.7957,5667.845,4214.0347
646,1.4626036E7,4.2337764E7,1.0528121E7,1264080.9,267.58847,1740.8823,5821.829,4214.0347
647,1.4626036E7,4.3829848E7,1.0528121E7,1271958.2,267.58847,1794.4646,5821.829,4239.719
648,1.4626036E7,4.3829848E7,1.0528121E7,1278746.9,267.58847,1794.4646,5821.829,4263.4224
649,1.8535252E7,4.2337764E7,1.0528121E7,1278746.9,339.77484,1740.8823,5821.829,4263.4224
650,2.3503296E7,4.3563168E7,1.0528121E7,1278746.9,415.32294,1790.6028,5821.829,4263.4224
651,2.3503296E7,4.3563168E7,1.0528121E7,1278746.9,415.32294,1790.6028,5821.829,4263.4224
652,2.3503296E7,4.3563168E7,1.0528121E7,1278746.9,415.32294,1790.6028,5821.829,4263.4224
653,2.3503296E7,4.3563168E7,1.0528121E7,1278746.9,415.32294,1790.6028,5821.829,4263.4224
654,2.3503296E7,4.3563168E7,1.0528121E7,1278746.9,415.32294,1790.6028,5821.829,4263.4224
655,2.7380384E7,4.3563168E7,1.0528121E7,1278746.9,484.4024,1790.6028,5821.829,4263.4224
656,2.7380384E7,4.3563168E7,1.0528121E7,1278746.9,484.4024,1790.6028,5821.829,4263.4224
657,2.7380384E7,4.3563168E7,1.0528121E7,1278746.9,484.4024,1790.6028,5821.829,4263.4224
658,2.7380384E7,4.3563168E7,1.0528121E7,1278746.9,484.4024,1790.6028,5821.829,4263.4224
659,2.7380384E7,4.3563168E7,1.0528121E7,1278746.9,484.4024,1790.6028,5821.829,4263.4224
660,2.7380384E7,4.3563168E7,1.0528121E7,1278746.9,484.4024,1790.6028,5821.829,4263.4224
661,2.7380384E7,4.3563168E7,1.0528121E7,1278746.9,484.4024,1790.6028,5821.829,4263.4224
662,2.7380384E7,4.3563168E7,1.0528121E7,1278746.9,484.4024,1790.6028,5821.829,4263.4224
663,2.7380384E7,4.3563168E7,1.0528121E7,1278746.9,484.4024,1790.6028,5821.829,4263.4224
664,2.7380384E7,4.3563168E7,1.0528121E7,1278746.9,484.4024,1790.6028,5821.829,4263.4224
665,2.7380384E7,4.2346984E7,1.0528121E7,1285604.9,484.4024,1740.2211,5821.829,4288.2183
666,2.7380384E7,4.3563168E7,1.0528121E7,1285604.9,484.4024,1790.6028,5821.829,4288.2183
667,2.7380384E7,4.3563168E7,1.0528121E7,1285604.9,484.4024,1790.6028,5821.829,4288.2183
668,2.6835114E7,4.3563168E7,1.0528121E7,1285604.9,478.0797,1790.6028,5821.829,4288.2183
669,3.07122E7,4.3563168E7,1.0528121E7,1285604.9,547.1592,1790.6028,5821.829,4288.2183
670,3.07122E7,4.3563168E7,1.0528121E7,1285604.9,547.1592,1790.6028,5821.829,4288.2183
671,3.07122E7,4.3563168E7,1.0528121E7,1285604.9,547.1592,1790.6028,5821.829,4288.2183
672,3.1454704E7,4.3563168E7,1.0528121E7,1285604.9,552.4098,1790.6028,5821.829,4288.2183
673,3.1454704E7,4.3563168E7,1.0528121E7,1294096.9,552.4098,1790.6028,5821.829,4315.03
674,3.1454704E7,4.2346984E7,1.0528121E7,1294096.9,552.4098,1740.2211,5821.829,4315.03
675,3.1454704E7,4.3563168E7,1.0528121E7,1294096.9,552.4098,1790.6028,5821.829,4315.03
676,2.8123204E7,4.3563168E7,1.0528121E7,1302398.0,485.82568,1790.6028,5821.829,4341.234
